Zipcode,Address,Median Age,Household Income,Per Capita Income,Lat,Lng,Bank Count
27358,"Summerfield, NC 27358, USA",43.0,88382.0,40210,36.2345022,-79.8856824,4
14113,"North Java, NY 14113, USA",45.6,47500.0,33149,42.6839855,-78.3273245,0
71825,"Blevins, AR 71825, USA",32.6,35625.0,13098,33.8682784,-93.5509074,2
32535,"Century, FL 32535, USA",37.8,34107.0,13066,30.9724762,-87.3711477,0
5483,"Sheldon, VT 05483, USA",35.9,65039.0,24743,46.7386596,-92.2825137,2
59820,"Alberton, MT 59820, USA",47.2,45956.0,26394,46.9478744,-114.5809081,0
15081,"South Heights, PA 15081, USA",50.2,31500.0,22177,40.5785167,-80.236488,31
37398,"Winchester, TN 37398, USA",45.6,43330.0,24562,35.1747032,-86.1141045,18
72856,"Sand Gap, AR 72856, USA",52.1,31016.0,24773,35.7781087,-93.0676373,0
97229,"Portland, OR 97229, USA",37.8,100063.0,44657,45.5593978,-122.807445,55
63566,"Winigan, MO 63566, USA",38.9,34107.0,15108,40.0361993,-92.9475662,1
05492,"Waterville, VT 05492, USA",41.0,53315.0,23399,55.392363,10.1473917,2
75454,"Melissa, TX 75454, USA",31.7,87125.0,29919,33.2774174,-96.5463156,4
46524,"Etna Green, IN 46524, USA",32.0,60033.0,19849,41.3129797,-86.0325629,4
52320,"Olin, IA 52320, USA",46.6,59167.0,29853,42.0130002,-91.15449630000000,1
93428,"Cambria, CA 93428, USA",58.4,59813.0,40682,35.5925142,-121.0564425,2
37336,"Georgetown, TN 37336, USA",44.4,48066.0,22370,35.3059815,-84.9193082,1
62063,"Medora, IL 62063, USA",41.3,54074.0,25781,39.2166442,-90.1682271,1
88337,"La Luz, NM 88337, USA",48.1,46996.0,23700,33.0064888,-105.8642593,0
14855,"Jasper, NY 14855, USA",29.3,43750.0,15913,42.1589149,-77.4931403,0
49098,"Watervliet, MI 49098, USA",37.0,42237.0,18480,42.1549524,-86.2361744,5
00957,"Bayamón, 00957, Puerto Rico",37.1,23736.0,11453,41.9711546,-79.3718452,0
77373,"Spring, TX 77373, USA",32.4,67742.0,25921,30.0605454,-95.3834854,37
76525,"Evant, TX 76525, USA",44.9,42750.0,21032,31.4823544,-98.1557066,1
19057,"Levittown, PA 19057, USA",38.0,62863.0,25069,40.1344021,-74.8565613,77
58259,"Michigan, ND 58259, USA",54.1,48295.0,31803,48.0513919,-98.1299519,1
06019,"Canton, CT 06019, USA",45.1,88281.0,44781,33.529026,-99.64694950000000,0
66507,"Maple Hill, KS 66507, USA",31.8,67500.0,23114,38.97933520000000,-96.0044121,1
77880,"Washington, TX 77880, USA",48.8,38672.0,25386,30.2674226,-96.17391160000000,0
61062,"Pearl City, IL 61062, USA",40.7,60000.0,26087,42.2755343,-89.81303560000000,1
57568,"Presho, SD 57568, USA",45.2,51700.0,28055,43.9119937,-100.1255164,1
10984,"Thiells, NY 10984, USA",42.5,112016.0,39093,41.2099325,-74.0153231,33
77520,"Baytown, TX 77520, USA",32.1,43409.0,18650,29.7299827,-94.9870491,25
97721,"Princeton, OR 97721, USA",30.7,27321.0,11412,42.58252,-118.521529,0
45328,"Gettysburg, OH 45328, USA",30.4,43750.0,14939,40.1124889,-84.4940315,3
25431,"Levels, WV 25431, USA",50.5,31161.0,21822,39.49588,-78.56107,0
57021,"Davis, SD 57021, USA",34.5,81875.0,28762,43.26167520000000,-96.974604,0
14555,"Sodus Point, NY 14555, USA",54.9,57500.0,30559,43.2605563,-76.98158770000000,2
22102,"McLean, VA 22102, USA",40.2,112427.0,82461,38.9586422,-77.22901930000000,122
03064,"Nashua, NH 03064, USA",40.6,64026.0,34045,30.4071546,-91.1021896,132
49112,"Edwardsburg, MI 49112, USA",39.5,49712.0,21768,41.7917622,-86.0325629,7
99102,"Albion, WA 99102, USA",35.4,43977.0,23766,46.7897474,-117.2503411,0
71031,"Goldonna, LA 71031, USA",49.8,44250.0,20250,32.0275947,-92.91759550000000,0
10303,"Staten Island, NY 10303, USA",31.1,51537.0,22077,40.6311444,-74.17390570000000,158
85383,"Peoria, AZ 85383, USA",36.7,101526.0,37735,33.7868136,-112.28609,4
44276,"Sterling, OH 44276, USA",40.2,52330.0,24753,40.9413645,-81.8333656,6
02740,"New Bedford, MA 02740, USA",37.4,34259.0,20649,35.9130399,-98.12109680000000,0
48084,"Troy, MI 48084, USA",37.0,84331.0,44055,42.5586572,-83.18097760000000,117
75149,"Mesquite, TX 75149, USA",31.8,47739.0,19636,32.758351,-96.6103778,55
37764,"Kodak, TN 37764, USA",41.1,46102.0,22642,35.9848005,-83.6135572,5
57219,"Bristol, SD 57219, USA",50.1,57574.0,22913,45.2963479,-97.8048733,1
79764,"Odessa, TX 79764, USA",34.2,50556.0,21883,31.8840886,-102.4953899,0
76031,"Cleburne, TX 76031, USA",36.1,46714.0,20226,32.3470049,-97.33005300000000,16
52217,"Clutier, IA 52217, USA",47.8,40625.0,22426,42.07293,-92.4011124,1
76950,"Sonora, TX 76950, USA",35.5,53500.0,27732,30.3776869,-100.5296115,0
47926,"Burnettsville, IN 47926, USA",35.9,50469.0,20121,40.7163401,-86.59053710000000,1
83638,"McCall, ID 83638, USA",43.3,53850.0,26119,45.09428220000000,-115.8980516,0
12759,"Loch Sheldrake, NY 12759, USA",30.1,37902.0,13996,41.775259,-74.6576091,9
02056,"Norfolk, MA 02056, USA",42.5,134104.0,43630,30.7527657,-100.5891096,0
95051,"Santa Clara, CA 95051, USA",36.1,100504.0,43487,37.3598283,-121.9814354,172
22027,"Dunn Loring, VA 22027, USA",44.9,187768.0,61580,38.8934705,-77.2203966,199
93954,"San Lucas, CA 93954, USA",31.8,39167.0,12520,36.1184726,-120.9589496,0
77039,"Houston, TX 77039, USA",27.2,38167.0,12255,29.9068387,-95.33639510000000,34
83122,"Grover, WY 83122, USA",36.1,83333.0,28556,42.82182590000000,-110.9566245,0
62613,"Athens, IL 62613, USA",37.8,60284.0,28806,40.0013284,-89.68162080000000,1
13068,"Freeville, NY 13068, USA",44.0,66480.0,30384,42.5014845,-76.3521514,3
71340,"Harrisonburg, LA 71340, USA",33.7,30560.0,19909,31.8200828,-91.851343,2
71331,"Effie, LA 71331, USA",34.3,37109.0,18372,31.2692973,-92.0469151,0
28782,"Tryon, NC 28782, USA",56.9,46713.0,28377,35.2542295,-82.11695500000000,5
59743,"Melrose, MT 59743, USA",57.4,39293.0,27250,45.6898627,-112.6372651,0
73014,"Calumet, OK 73014, USA",39.8,58264.0,26515,35.6172323,-98.1557066,1
24843,"Hensley, WV 24843, USA",60.4,20673.0,14761,37.4731506,-81.7010143,0
14411,"Albion, NY 14411, USA",39.9,42967.0,18461,43.2229834,-78.24761460000000,4
35801,"Huntsville, AL 35801, USA",44.0,59352.0,41807,34.7364493,-86.5501654,68
52315,"Newhall, IA 52315, USA",42.4,61750.0,27831,42.00128840000000,-92.0077316,2
23665,"Hampton, VA 23665, USA",22.2,52313.0,18789,37.0860239,-76.3579401,34
48386,"White Lake, MI 48386, USA",42.9,74321.0,33301,42.6489461,-83.4750241,26
32444,"Lynn Haven, FL 32444, USA",40.2,61233.0,28643,30.2371159,-85.6537627,33
13495,"Yorkville, NY 13495, USA",38.4,48576.0,24413,43.11428660000000,-75.27415570000000,32
12831,"Gansevoort, NY 12831, USA",40.3,71393.0,33481,43.2029076,-73.6771662,1
37067,"Franklin, TN 37067, USA",37.6,95155.0,45675,35.9046545,-86.7718017,75
74456,"Preston, OK 74456, USA",30.6,27750.0,16345,35.7124995,-95.9918507,2
60468,"Peotone, IL 60468, USA",41.5,75000.0,30813,41.3200326,-87.79600670000000,2
54120,"Fence, WI 54120, USA",53.5,31250.0,19959,45.72170090000000,-88.3800868,0
63304,"St Charles, MO 63304, USA",39.8,85329.0,35568,38.70360050000000,-90.6488505,64
22191,"Woodbridge, VA 22191, USA",30.9,79198.0,31401,38.6317233,-77.25201010000000,54
19076,"Prospect Park, PA 19076, USA",36.2,67727.0,26908,39.885086,-75.30914830000000,132
67351,"Liberty, KS 67351, USA",48.1,84250.0,30635,37.1353975,-95.551228,0
62340,"Griggsville, IL 62340, USA",43.8,38036.0,20380,39.7114054,-90.73427340000000,3
75942,"Doucette, TX 75942, USA",38.1,43512.0,15008,30.8182143,-94.4288102,4
56453,"Hewitt, MN 56453, USA",41.0,50089.0,21875,46.3037542,-95.1628544,0
16665,"Newry, PA 16665, USA",43.3,27188.0,19095,40.3922417,-78.4346936,23
43050,"Mt Vernon, OH 43050, USA",41.9,42576.0,23495,40.3521894,-82.5185837,8
85250,"Scottsdale, AZ 85250, USA",48.6,59358.0,39968,33.5243639,-111.8985922,89
25571,"West Hamlin, WV 25571, USA",43.7,36650.0,16769,38.2770826,-82.1822399,5
02145,"Somerville, MA 02145, USA",33.0,55487.0,29355,33.652177,-117.9324575,200
13326,"Cooperstown, NY 13326, USA",50.4,57375.0,35094,42.7284259,-74.89749250000000,7
69334,"Bayard, NE 69334, USA",46.5,43575.0,21241,41.813568,-103.3125299,1
38844,"Gattman, MS 38844, USA",58.9,36071.0,20537,33.8176859,-88.25585250000000,0
64455,"Graham, MO 64455, USA",50.6,43542.0,25407,40.1808346,-94.99744610000000,1
38152,"Memphis, TN 38152, USA",19.8,,2691,35.1242857,-89.9360705,100
85553,"Tonto Basin, AZ 85553, USA",64.6,36442.0,28245,33.8102795,-111.2368084,0
55976,"Stewartville, MN 55976, USA",37.5,53616.0,26641,43.8595945,-92.4801989,4
37923,"Knoxville, TN 37923, USA",37.0,53893.0,30167,35.9276062,-84.0854432,93
16870,"Port Matilda, PA 16870, USA",39.1,84808.0,37320,40.8033255,-78.0880129,0
17214,"Blue Ridge Summit, PA 17214, USA",44.7,52112.0,29722,39.753684,-77.4730653,5
76310,"Wichita Falls, TX 76310, USA",37.2,63646.0,27924,33.7928627,-98.5062007,9
01922,"Byfield, MA 01922, USA",44.4,109301.0,40983,38.30352260000000,-85.0085446,0
75783,"Quitman, TX 75783, USA",45.1,40322.0,23210,32.8260186,-95.435853,3
93605,"Big Creek, CA 93605, USA",49.2,84375.0,34293,37.1890642,-119.2437011,0
73743,"Hillsdale, OK 73743, USA",42.5,50000.0,24770,36.5664065,-97.99334880000000,0
37080,"Joelton, TN 37080, USA",44.3,61824.0,25231,36.3319963,-86.9223432,1
40769,"Williamsburg, KY 40769, USA",36.9,27221.0,14298,36.7434075,-84.1598641,9
70748,"Jackson, LA 70748, USA",43.0,41489.0,17350,30.8328549,-91.20252070000000,2
98101,"Seattle, WA 98101, USA",43.0,42938.0,61716,47.6084921,-122.336407,200
61604,"Peoria, IL 61604, USA",36.8,40630.0,21137,40.70014160000000,-89.6581073,51
06444,"Marion, CT 06444, USA",29.7,103636.0,22178,46.9923621,-123.430144,3
07082,"Towaco, NJ 07082, USA",45.9,129432.0,59216,47.9623949,-92.8937893,0
57658,"Wakpala, SD 57658, USA",33.5,15833.0,7979,45.6837886,-100.538779,0
98270,"Marysville, WA 98270, USA",35.2,65130.0,26833,48.0563616,-122.1492224,41
95237,"Lockeford, CA 95237, USA",38.7,44542.0,22400,38.160627,-121.1424001,2
00624,"Peñuelas, 00624, Puerto Rico",34.2,14768.0,6761,39.937995,-76.5326046,4
56529,"Dilworth, MN 56529, USA",32.2,46116.0,21554,46.8772685,-96.6962754,30
28618,"Deep Gap, NC 28618, USA",44.3,41929.0,23581,36.2119208,-81.52672820000000,1
66052,"Linwood, KS 66052, USA",42.8,57848.0,27076,39.0141289,-95.0494602,0
74066,"Sapulpa, OK 74066, USA",38.9,44675.0,22844,35.9980959,-96.13149280000000,15
68147,"Bellevue, NE 68147, USA",33.0,53997.0,22024,41.1775208,-95.9515399,59
02543,"Woods Hole, MA 02543, USA",49.7,66250.0,50348,38.5324071,-82.6953898,39
45780,"The Plains, OH 45780, USA",41.0,33892.0,17139,39.3676641,-82.1305609,18
67849,"Hanston, KS 67849, USA",43.0,63214.0,26015,38.146514,-99.70097540000000,1
37191,"Woodlawn, TN 37191, USA",39.3,63393.0,28185,36.5197091,-87.55936130000000,0
15937,"Jerome, PA 15937, USA",45.7,65000.0,24503,40.2084869,-78.9885845,3
25559,"Salt Rock, WV 25559, USA",41.9,55120.0,22464,38.3233363,-82.2474648,2
92115,"San Diego, CA 92115, USA",27.5,41866.0,21011,32.7612759,-117.0735241,110
37743,"Greeneville, TN 37743, USA",44.8,34855.0,19552,36.0941226,-82.8640623,4
85353,"Tolleson, AZ 85353, USA",26.7,50066.0,16046,33.4169563,-112.274168,38
56358,"Ogilvie, MN 56358, USA",41.2,49091.0,20779,45.8325877,-93.464192,0
58494,"Wing, ND 58494, USA",42.2,48500.0,29216,47.1813085,-100.3049045,1
23832,"Chesterfield, VA 23832, USA",37.2,75942.0,31379,37.3976686,-77.5963271,27
29170,"West Columbia, SC 29170, USA",36.8,56415.0,25261,33.934921,-81.1526976,16
05301,"Guilford, VT 05301, USA",44.1,49552.0,28510,46.6782059,-115.609296,0
26807,"Franklin, WV 26807, USA",45.6,36550.0,20860,38.6518998,-79.4028639,3
27549,"Louisburg, NC 27549, USA",40.3,36969.0,20001,36.0730279,-78.24761460000000,7
60091,"Wilmette, IL 60091, USA",43.8,129551.0,67089,42.08057430000000,-87.7320368,140
57429,"Brentford, SD 57429, USA",36.1,40000.0,20763,45.1612271,-98.3147793,0
07724,"Eatontown, NJ 07724, USA",41.7,78064.0,39958,31.8704128,-85.9890392,2
78611,"Burnet, TX 78611, USA",44.6,48409.0,23381,30.7699023,-98.265058,7
58503,"Bismarck, ND 58503, USA",37.3,81341.0,38377,46.8871785,-100.7209975,17
47232,"Elizabethtown, IN 47232, USA",37.4,60128.0,21838,39.1100449,-85.7974141,0
00730,"Ponce, 00730, Puerto Rico",37.0,16259.0,9768,45.9142089,-119.2773764,4
34209,"Bradenton, FL 34209, USA",54.1,51572.0,28711,27.5073732,-82.63754020000000,66
01469,"Townsend, MA 01469, USA",40.4,78985.0,34037,37.3032872,-82.6466401,2
96084,"Round Mountain, CA 96084, USA",55.0,31897.0,23506,40.9048101,-122.0229676,0
21750,"Hancock, MD 21750, USA",38.6,47857.0,21608,39.6931059,-78.2703951,2
42025,"Benton, KY 42025, USA",43.2,42310.0,21348,36.8138037,-88.362785,9
93637,"Madera, CA 93637, USA",29.5,48974.0,17449,36.9152938,-120.2051096,0
03448,"Gilsum, NH 03448, USA",50.8,45417.0,26556,36.8490936,-83.4780806,1
25442,"Shenandoah Junction, WV 25442, USA",35.0,73949.0,31249,39.371522,-77.8252923,8
05261,"Pownal, VT 05261, USA",45.0,56667.0,25144,48.5848181,-114.3947858,0
04107,"Cape Elizabeth, ME 04107, USA",48.4,98629.0,53526,32.1603975,-94.92788390000000,0
85743,"Tucson, AZ 85743, USA",41.2,69577.0,32411,32.3324642,-111.2129616,0
68317,"Bennet, NE 68317, USA",40.4,79063.0,30851,40.67409360000000,-96.5143087,1
05658,"Marshfield, VT 05658, USA",41.6,43958.0,22443,46.606687,-114.584356,0
42031,"Clinton, KY 42031, USA",49.1,32123.0,18442,36.6699583,-88.99880980000000,2
14131,"Ransomville, NY 14131, USA",47.9,57500.0,27970,43.2320594,-78.9061921,1
60622,"Chicago, IL 60622, USA",31.1,68923.0,43393,41.9013087,-87.68276760000000,200
97389,"Tangent, OR 97389, USA",36.5,46250.0,21717,44.5277138,-123.0941587,0
56726,"Greenbush, MN 56726, USA",42.2,52235.0,27445,48.752125,-96.22979990000000,1
68930,"Blue Hill, NE 68930, USA",44.7,44643.0,22939,40.2860295,-98.4403573,1
35475,"Northport, AL 35475, USA",33.9,69924.0,28117,33.4368605,-87.55936130000000,0
57315,"Avon, SD 57315, USA",40.3,44813.0,21359,42.9871112,-98.06834300000000,1
51448,"Kiron, IA 51448, USA",40.8,44219.0,22819,42.2111665,-95.33116520000000,1
27853,"Margarettsville, NC 27853, USA",42.8,25966.0,11178,36.5219992,-77.3209555,0
12942,"Keene, NY 12942, USA",44.4,42188.0,24003,44.266991,-73.7767398,1
25401,"Martinsburg, WV 25401, USA",34.7,36600.0,21158,39.4529363,-77.9681544,30
12429,"Esopus, NY 12429, USA",38.7,114129.0,43122,41.82143020000000,-73.96243270000000,8
23602,"Newport News, VA 23602, USA",36.7,61343.0,30030,37.1120848,-76.5372625,52
11220,"Brooklyn, NY 11220, USA",32.4,37580.0,16263,40.6385229,-74.0153231,200
03276,"Tilton, NH 03276, USA",41.9,58449.0,25690,32.2819566,-93.785344,3
49269,"Parma, MI 49269, USA",43.0,48185.0,24291,42.2859231,-84.5850997,0
14807,"Arkport, NY 14807, USA",48.0,45821.0,23042,42.4169882,-77.7223162,4
06062,"Plainville, CT 06062, USA",42.4,60630.0,32531,36.212288,-92.48729650000000,0
77031,"Houston, TX 77031, USA",30.5,39278.0,17932,29.6558257,-95.54597870000000,115
60018,"Des Plaines, IL 60018, USA",39.9,54688.0,25289,42.0144814,-87.8991514,138
72036,"Cotton Plant, AR 72036, USA",47.0,22361.0,13850,35.0101733,-91.26984750000000,0
34224,"Englewood, FL 34224, USA",60.1,39645.0,24929,26.9288268,-82.31262940000000,17
50525,"Clarion, IA 50525, USA",42.2,39200.0,25499,42.76244580000000,-93.7841503,5
58369,"St John, ND 58369, USA",38.9,29375.0,17469,48.9696899,-99.7917612,0
77434,"Eagle Lake, TX 77434, USA",34.2,35105.0,16735,29.5219585,-96.3438785,1
78941,"Flatonia, TX 78941, USA",45.7,40304.0,23115,29.7574106,-97.1574784,0
12723,"Callicoon, NY 12723, USA",43.2,58102.0,25249,41.7682361,-75.0026972,5
48221,"Detroit, MI 48221, USA",39.6,38588.0,20123,42.4349152,-83.15417960000000,75
2717,"East Freetown, MA 02717, USA",42.8,81150.0,32987,35.6658534,-80.90188480000000,3
78565,"Los Ebanos, TX 78565, USA",41.3,8611.0,5960,26.2378647,-98.5583676,4
06883,"Weston, CT 06883, USA",42.5,207262.0,90552,51.9883654,5.9968287,34
07606,"South Hackensack, NJ 07606, USA",39.4,68750.0,33300,47.3678082,-124.2306407,1
08234,"Egg Harbor Township, NJ 08234, USA",39.3,71316.0,29387,47.3908128,15.9799981,13
68947,"Hildreth, NE 68947, USA",45.5,56250.0,33158,40.2577563,-99.0792263,0
23228,"Henrico, VA 23228, USA",35.1,44224.0,23998,37.6164453,-77.4816693,116
61013,"Cedarville, IL 61013, USA",50.2,55000.0,27283,42.37172960000000,-89.63163760000000,3
63138,"St. Louis, MO 63138, USA",30.3,33691.0,17488,38.7994436,-90.20571080000000,17
25414,"Charles Town, WV 25414, USA",40.1,72833.0,32308,39.2536087,-77.8710285,12
69101,"North Platte, NE 69101, USA",38.4,45156.0,25867,41.2169959,-100.7548851,3
16029,"East Butler, PA 16029, USA",40.0,41875.0,22128,40.8756815,-79.841579,18
76706,"Waco, TX 76706, USA",22.6,26398.0,14613,31.456042,-97.0713572,1
11385,"Ridgewood, NY 11385, USA",35.0,50799.0,23272,40.6980708,-73.8948295,200
66614,"Topeka, KS 66614, USA",38.8,53673.0,30118,39.013101,-95.85121,18
12148,"Rexford, NY 12148, USA",44.2,107540.0,44237,42.840262,-73.8536683,56
27822,"Elm City, NC 27822, USA",43.6,46250.0,21943,35.7978006,-77.85959630000000,7
72680,"Timbo, AR 72680, USA",46.6,28750.0,23495,35.8825209,-92.2925911,0
85233,"Gilbert, AZ 85233, USA",34.7,75365.0,32900,33.3519301,-111.8210866,120
27826,"Fairfield, NC 27826, USA",49.4,38362.0,16651,35.5738935,-76.2015572,1
94556,"Moraga, CA 94556, USA",47.4,120960.0,62600,37.8357202,-122.1178261,34
91207,"Glendale, CA 91207, USA",45.6,91005.0,47259,34.1893001,-118.2702036,134
27298,"Liberty, NC 27298, USA",45.4,43097.0,23966,35.874799,-79.582819,5
59201,"Wolf Point, MT 59201, USA",30.8,42699.0,17624,48.379169,-105.6163785,0
67839,"Dighton, KS 67839, USA",46.8,49773.0,30282,38.4456222,-100.3497895,0
16153,"Stoneboro, PA 16153, USA",44.6,50714.0,22506,41.3229151,-80.08701550000000,2
28395,"Wade, NC 28395, USA",39.5,39813.0,23319,35.14014970000000,-78.7589558,1
92543,"Hemet, CA 92543, USA",36.5,26909.0,14425,33.6991526,-116.9793554,24
31405,"Savannah, GA 31405, USA",34.6,43051.0,23719,32.0371137,-81.1747498,46
08859,"Parlin, NJ 08859, USA",38.9,79835.0,35353,42.6960673,26.4123787,23
30236,"Jonesboro, GA 30236, USA",33.9,40107.0,21374,33.5213067,-84.3226488,26
65017,"Brumley, MO 65017, USA",44.2,42083.0,19123,38.0582333,-92.4801989,1
98358,"Nordland, WA 98358, USA",51.6,51146.0,28010,48.055251,-122.6957072,4
41073,"Bellevue, KY 41073, USA",37.7,53396.0,26881,39.0992398,-84.47763720000000,171
38229,"Gleason, TN 38229, USA",43.5,36800.0,19886,36.2334,-88.6144839,2
32187,"San Mateo, FL 32187, USA",46.5,30300.0,18933,29.5775097,-81.54867280000000,0
41835,"McRoberts, KY 41835, USA",50.9,43690.0,19524,37.2144212,-82.66454690000000,6
58331,"Egeland, ND 58331, USA",53.5,69792.0,51149,48.6206058,-99.1062244,0
75640,"Diana, TX 75640, USA",42.8,54423.0,22459,32.6978203,-94.70706160000000,1
08540,"Princeton, NJ 08540, USA",37.5,125439.0,61810,39.85177850000000,-106.8455943,0
68005,"Bellevue, NE 68005, USA",34.2,53794.0,25101,41.1596468,-95.9092754,29
18237,"McAdoo, PA 18237, USA",39.1,42140.0,20172,40.8888417,-75.9985693,9
93545,"Lone Pine, CA 93545, USA",40.6,32473.0,18444,36.5131184,-118.0888578,0
31007,"Byromville, GA 31007, USA",41.8,29417.0,14202,32.1773202,-83.94266980000000,0
36688,"Mobile, AL 36688, USA",20.1,,3086,30.6954595,-88.174414,95
22834,"Linville, VA 22834, USA",38.6,40357.0,30224,38.5503911,-78.8722341,1
35956,"Boaz, AL 35956, USA",40.0,46844.0,19615,34.1586286,-86.1141045,11
27288,"Eden, NC 27288, USA",42.5,33800.0,18470,36.4919544,-79.7624177,12
21053,"Freeland, MD 21053, USA",45.5,90361.0,36118,39.6970138,-76.7221082,5
83841,"Laclede, ID 83841, USA",60.8,26618.0,23912,48.1658871,-116.7578804,0
29001,"Alcolu, SC 29001, USA",36.9,33205.0,17998,33.7823236,-80.1651854,0
49874,"Powers, MI 49874, USA",46.9,35729.0,19398,45.74362990000000,-87.4928554,1
57005,"Brandon, SD 57005, USA",34.6,69690.0,27832,43.6196972,-96.59969630000000,5
33496,"Boca Raton, FL 33496, USA",54.2,83138.0,64715,26.4039904,-80.1596041,119
72434,"Imboden, AR 72434, USA",37.2,30625.0,16411,36.2358418,-91.15449630000000,1
71405,"Ball, LA 71405, USA",35.8,55242.0,23941,31.4061799,-92.396174,11
30268,"Palmetto, GA 30268, USA",32.7,47421.0,22939,33.5272883,-84.7106567,1
07603,"Bogota, NJ 07603, USA",38.7,77821.0,31670,40.04441570000000,-81.426818,0
05454,"Fairfax, VT 05454, USA",38.7,74911.0,31192,51.6780439,5.807692000000000,10
49234,"Clarklake, MI 49234, USA",47.3,58250.0,30245,42.1277049,-84.3647199,1
25669,"Crum, WV 25669, USA",44.0,35302.0,16972,37.9381897,-82.4644445,0
20143,"Catharpin, VA 20143, USA",42.8,139938.0,51051,38.8568373,-77.5676735,20
95490,"Willits, CA 95490, USA",46.9,38394.0,22551,39.505272,-123.3486147,0
52560,"Floris, IA 52560, USA",44.6,53472.0,21979,40.8259755,-92.2335066,0
98394,"Vaughn, WA 98394, USA",39.1,57941.0,24595,47.3146613,-122.7741913,1
85262,"Scottsdale, AZ 85262, USA",54.4,125884.0,80227,33.791108,-111.8091625,2
04637,"Grand Lake Stream, ME 04637, USA",65.4,31125.0,33564,29.3444919,-98.9808614,0
03048,"Greenville, NH 03048, USA",43.6,62321.0,28864,32.440078,-91.7286737,5
17737,"Hughesville, PA 17737, USA",42.3,51007.0,24229,41.2806213,-76.6643728,1
14033,"Colden, NY 14033, USA",44.3,81979.0,32764,42.6628737,-78.6909263,1
25165,"Racine, WV 25165, USA",41.1,49886.0,24418,38.1513972,-81.65282190000000,1
13640,"Wellesley Island, NY 13640, USA",62.8,88125.0,48388,44.3125911,-75.9908334,4
59453,"Judith Gap, MT 59453, USA",42.4,38750.0,20918,46.6266707,-109.7628305,0
10803,"Pelham, NY 10803, USA",39.7,140000.0,73808,40.8996475,-73.8036752,185
08324,"Heislerville, NJ 08324, USA",42.5,67772.0,28069,46.98066010000000,15.7416507,7
42762,"Millwood, KY 42762, USA",42.3,30500.0,15664,37.4399698,-86.39341520000000,0
41046,"Glencoe, KY 41046, USA",24.0,37585.0,13209,38.7099232,-84.7889907,0
56343,"Kensington, MN 56343, USA",42.4,48417.0,24153,45.7800013,-95.72099680000000,2
87029,"Lindrith, NM 87029, USA",54.4,29265.0,28152,36.4560808,-106.9594723,0
45646,"Latham, OH 45646, USA",41.3,82604.0,28220,39.0791318,-83.3468784,0
72347,"Hickory Ridge, AR 72347, USA",45.3,31471.0,19479,35.364439,-91.0011902,1
53588,"Spring Green, WI 53588, USA",44.8,58086.0,29862,43.2133937,-90.11206960000000,5
28663,"Piney Creek, NC 28663, USA",39.6,36000.0,20294,36.5401134,-81.30693150000000,0
48659,"Sterling, MI 48659, USA",43.1,44315.0,19879,44.1093153,-83.99558790000000,0
24083,"Daleville, VA 24083, USA",46.4,91295.0,47678,37.4047916,-79.9248669,17
47952,"Kingman, IN 47952, USA",45.5,37232.0,20271,39.9709267,-87.32149080000000,2
34744,"Kissimmee, FL 34744, USA",36.2,45589.0,19455,28.2923689,-81.32893970000000,36
99506,"Joint Base Elmendorf-Richardson, AK 99506, USA",22.0,60753.0,19565,61.27440310000000,-149.7871533,10
69163,"Stapleton, NE 69163, USA",50.4,45481.0,25348,41.5155698,-100.5296115,1
97022,"Eagle Creek, OR 97022, USA",43.9,66927.0,24343,45.3551259,-122.3293482,9
49415,"Fruitport, MI 49415, USA",44.3,51587.0,26853,43.1669959,-86.1141045,8
58466,"Marion, ND 58466, USA",44.5,69844.0,36981,46.5594224,-98.3481542,1
15206,"Pittsburgh, PA 15206, USA",36.6,33792.0,27733,40.4720642,-79.9136731,161
03104,"Manchester, NH 03104, USA",37.6,60468.0,32130,36.7509443,-85.398771,3
04268,"Norway, ME 04268, USA",49.2,38629.0,21431,33.3180778,-94.6184948,0
47670,"Princeton, IN 47670, USA",39.5,45915.0,23971,38.3544747,-87.55936130000000,10
25865,"Lester, WV 25865, USA",38.8,65163.0,25341,37.7252022,-81.36194020000000,1
13335,"Edmeston, NY 13335, USA",41.4,52083.0,22636,42.7015231,-75.27123930000000,1
16636,"Dysart, PA 16636, USA",47.6,42303.0,21236,40.594001,-78.4865602,0
76943,"Ozona, TX 76943, USA",40.0,49643.0,22163,30.5146701,-101.0711758,0
08002,"Cherry Hill, NJ 08002, USA",39.7,68465.0,34026,47.36013760000000,8.5293292,200
72401,"Jonesboro, AR 72401, USA",31.6,34819.0,20130,35.8916172,-90.658333,29
47436,"Heltonville, IN 47436, USA",42.5,42042.0,18000,38.963881,-86.4086061,0
78122,"Leesville, TX 78122, USA",56.6,30610.0,20433,29.41650960000000,-97.6873706,0
74956,"Shady Point, OK 74956, USA",36.4,40652.0,18796,35.0985106,-94.7898731,0
97366,"Newport, OR 97366, USA",58.8,53135.0,36010,44.5772172,-124.053674,11
45684,"Stout, OH 45684, USA",40.8,47517.0,18795,38.6432345,-83.1863358,2
80831,"Peyton, CO 80831, USA",35.0,81000.0,31028,38.9458493,-104.5189214,5
46323,"Hammond, IN 46323, USA",34.6,45478.0,19994,41.5829905,-87.45048880000000,91
62373,"Sutter, IL 62373, USA",42.2,58382.0,22406,40.24020220000000,-91.3083685,0
47431,"Freedom, IN 47431, USA",35.6,37500.0,19556,39.2274015,-86.8922723,0
65332,"Green Ridge, MO 65332, USA",40.3,40511.0,18929,38.6247363,-93.3993751,1
55342,"Hector, MN 55342, USA",42.2,55982.0,26832,44.7137564,-94.7691586,1
59522,"Chester, MT 59522, USA",49.2,43036.0,25407,48.5176651,-111.0536022,2
44708,"Canton, OH 44708, USA",42.8,44731.0,26042,40.8122437,-81.4388858,88
59529,"Hogeland, MT 59529, USA",57.2,115938.0,70966,48.76450020000000,-108.7498486,0
02169,"Quincy, MA 02169, USA",38.1,58669.0,32613,33.348093,-82.0928134,4
12941,"Jay, NY 12941, USA",44.6,72361.0,40100,44.3433912,-73.71925280000000,0
33129,"Miami, FL 33129, USA",38.9,54127.0,41352,25.7564471,-80.2056382,200
49781,"St Ignace, MI 49781, USA",44.2,39838.0,23000,46.0316836,-84.7552977,0
26202,"Fenwick, WV 26202, USA",42.1,49205.0,17950,38.2251814,-80.621591,1
60137,"Glen Ellyn, IL 60137, USA",41.1,89386.0,47759,41.853696,-88.0607565,142
38870,"Smithville, MS 38870, USA",40.8,53443.0,22094,34.0752962,-88.3433623,1
20634,"Great Mills, MD 20634, USA",31.9,79944.0,35961,38.22016140000000,-76.49679190000000,5
47434,"Harrodsburg, IN 47434, USA",52.5,,21634,39.0126074,-86.5454322,0
28208,"Charlotte, NC 28208, USA",32.9,28435.0,14056,35.212973,-80.9097127,95
17980,"Tower City, PA 17980, USA",45.3,50240.0,24934,40.596463,-76.5430429,6
78004,"Bergheim, TX 78004, USA",44.7,124592.0,41737,29.8539024,-98.5336525,0
42456,"Slaughters, KY 42456, USA",39.6,47930.0,21130,37.5070164,-87.55936130000000,0
45897,"Williamstown, OH 45897, USA",45.3,,8999,40.8402988,-83.66144000000000,3
63128,"St. Louis, MO 63128, USA",49.1,73440.0,39328,38.4948766,-90.38425270000000,89
50543,"Gowrie, IA 50543, USA",44.5,44583.0,23616,42.2750407,-94.27436280000000,2
61606,"Peoria, IL 61606, USA",21.9,35904.0,17917,40.6974655,-89.6133926,55
53576,"Orfordville, WI 53576, USA",37.9,55893.0,22504,42.6071661,-89.2277026,1
17051,"Mcveytown, PA 17051, USA",42.6,43234.0,19984,40.4491629,-77.76809520000000,1
39097,"Louise, MS 39097, USA",58.0,26838.0,17399,33.0100039,-90.5825359,1
44867,"Republic, OH 44867, USA",42.1,59268.0,27746,41.1388267,-83.0039075,1
05053,"North Pomfret, VT 05053, USA",56.1,70227.0,39193,46.5257285,-115.667642,0
43758,"Malta, OH 43758, USA",39.5,43438.0,19770,39.6393367,-81.931657,5
30152,"Kennesaw, GA 30152, USA",36.7,74559.0,35046,34.0041089,-84.6583745,38
62673,"Oakford, IL 62673, USA",35.9,60179.0,19800,40.0940561,-89.9720133,0
23219,"Richmond, VA 23219, USA",25.4,19231.0,24403,37.5410261,-77.43864290000000,110
72722,"Decatur, AR 72722, USA",37.7,37198.0,16971,36.3438006,-94.42849850000000,2
55396,"Winthrop, MN 55396, USA",41.8,48919.0,23296,44.580169,-94.35651300000000,3
28371,"Parkton, NC 28371, USA",33.6,43365.0,18333,34.9119197,-78.9966888,4
14806,"Andover, NY 14806, USA",41.6,49792.0,22379,42.1414761,-77.77953700000000,1
36701,"Selma, AL 36701, USA",39.4,32136.0,20992,32.4800392,-87.0424393,10
97875,"Stanfield, OR 97875, USA",36.0,55478.0,22277,45.8063701,-119.1698118,2
18914,"Chalfont, PA 18914, USA",39.4,101522.0,40247,40.2764064,-75.2128996,61
64081,"Lee's Summit, MO 64081, USA",41.3,76684.0,35039,38.9119463,-94.4136213,57
48851,"Lyons, MI 48851, USA",36.5,53704.0,22288,42.9652441,-84.9193082,2
67661,"Phillipsburg, KS 67661, USA",45.4,40882.0,23569,39.8554659,-99.2785583,0
60437,"Kinsman, IL 60437, USA",49.8,36563.0,23715,41.1815419,-88.56619530000000,0
46312,"East Chicago, IN 46312, USA",29.8,27583.0,13497,41.6428269,-87.45048880000000,46
38339,"Guys, TN 38339, USA",40.5,44500.0,21109,35.0627165,-88.50817650000000,1
50315,"Des Moines, IA 50315, USA",34.4,41793.0,20989,41.5346558,-93.61164940000000,54
43157,"Thurston, OH 43157, USA",32.6,27614.0,13239,39.84339480000000,-82.5496946,6
73560,"Olustee, OK 73560, USA",26.9,28942.0,17101,34.5193245,-99.43393430000000,0
35951,"Albertville, AL 35951, USA",35.7,37210.0,19602,34.3387367,-86.1955169,11
49048,"Kalamazoo, MI 49048, USA",34.9,41443.0,20479,42.2766433,-85.50972260000000,32
30564,"Murrayville, GA 30564, USA",40.5,64213.0,23422,34.4762579,-83.8579053,7
46704,"Arcola, IN 46704, USA",35.4,31089.0,13796,41.1036195,-85.2926152,18
54229,"New Franken, WI 54229, USA",40.4,68667.0,29538,44.5485744,-87.8353278,0
80482,"Winter Park, CO 80482, USA",46.5,61000.0,39984,39.8486665,-105.8055471,0
99737,"Delta Junction, AK 99737, USA",33.5,71250.0,32842,63.8367895,-145.1298259,0
47393,"Williamsburg, IN 47393, USA",40.4,53698.0,18472,39.9665432,-85.01295090000000,0
22066,"Great Falls, VA 22066, USA",43.5,214219.0,89776,39.0188593,-77.3094674,50
50002,"Adair, IA 50002, USA",41.3,40550.0,23974,41.5283965,-94.6243751,2
12789,"Woodridge, NY 12789, USA",37.5,51827.0,23318,41.6918858,-74.5814773,4
79416,"Lubbock, TX 79416, USA",26.2,45937.0,23645,33.60361780000000,-101.9690458,41
67530,"Great Bend, KS 67530, USA",39.1,43352.0,26179,38.3423212,-98.8142264,20
87583,"Villanueva, NM 87583, USA",60.4,4955.0,5947,35.2256813,-105.3248269,0
46996,"Winamac, IN 46996, USA",40.1,45412.0,20784,41.0326638,-86.7013894,0
11693,"Far Rockaway, NY 11693, USA",39.1,50570.0,25149,40.6166766,-73.8272029,88
59802,"Missoula, MT 59802, USA",33.0,37931.0,25060,46.9539821,-113.9120099,0
12010,"Amsterdam, NY 12010, USA",41.7,44256.0,25059,42.9297842,-74.1474846,10
55069,"Rush City, MN 55069, USA",37.7,54203.0,20182,45.6951168,-92.9521365,2
47932,"Covington, IN 47932, USA",42.5,53462.0,26981,40.1366826,-87.4009165,5
37727,"Del Rio, TN 37727, USA",49.8,29779.0,20369,35.9080666,-83.01465260000000,0
28529,"Grantsboro, NC 28529, USA",45.1,41858.0,20985,35.0797761,-76.8836261,0
10007,"New York, NY 10007, USA",34.0,216037.0,157713,40.7136487,-74.0087126,200
13312,"Brantingham, NY 13312, USA",56.1,41250.0,30699,43.7127771,-75.17788530000000,0
62449,"Oblong, IL 62449, USA",41.5,46765.0,25332,39.0104562,-87.89424510000000,3
92111,"San Diego, CA 92111, USA",35.9,57350.0,27391,32.8256427,-117.1558867,135
80545,"Red Feather Lakes, CO 80545, USA",61.5,40583.0,30261,40.8242966,-105.6647142,0
19023,"Darby, PA 19023, USA",30.2,38790.0,18351,39.9200613,-75.26832280000000,199
44313,"Akron, OH 44313, USA",41.0,48852.0,31436,41.1426985,-81.57061090000000,69
81087,"Vilas, CO 81087, USA",26.8,34500.0,13210,37.3507103,-102.4495221,0
22025,"Dumfries, VA 22025, USA",40.0,115000.0,48008,38.5947311,-77.3381855,42
46617,"South Bend, IN 46617, USA",33.0,48726.0,27706,41.68410010000000,-86.231094,73
11105,"New York, NY 11105, USA",35.3,57525.0,33537,40.7787902,-73.9065883,200
12769,"Phillipsport, NY 12769, USA",50.2,48750.0,29437,41.6431129,-74.4481662,0
12156,"Schodack Landing, NY 12156, USA",40.5,64107.0,31616,42.4798662,-73.7360175,7
33025,"Hollywood, FL 33025, USA",32.9,51822.0,23660,25.9906428,-80.2793593,106
14715,"Bolivar, NY 14715, USA",40.2,45030.0,22257,42.0765655,-78.1792434,2
04010,"Brownfield, ME 04010, USA",47.6,45592.0,25609,40.4342015,-77.2366709,3
76556,"Milano, TX 76556, USA",50.7,39375.0,21201,30.6897762,-96.89944950000000,0
20886,"Montgomery Village, MD 20886, USA",34.0,77136.0,35177,39.186097,-77.20027450000000,77
48191,"Willis, MI 48191, USA",41.8,72204.0,25659,42.1247778,-83.5603112,0
92843,"Garden Grove, CA 92843, USA",33.3,51991.0,17186,33.7675239,-117.9424743,168
94040,"Mountain View, CA 94040, USA",35.7,99375.0,54558,37.3785351,-122.086585,97
65729,"Pontiac, MO 65729, USA",54.1,67350.0,32609,36.5328999,-92.5842062,0
90003,"Los Angeles, CA 90003, USA",26.2,29686.0,9963,33.9657994,-118.2731269,110
05156,"Springfield, VT 05156, USA",43.6,48872.0,25574,46.4131689,-113.5408981,0
72315,"Blytheville, AR 72315, USA",34.4,37044.0,19837,35.8933774,-89.9066314,14
36370,"Pansey, AL 36370, USA",43.9,44018.0,21152,31.1375707,-85.1583064,0
28076,"Henrietta, NC 28076, USA",30.0,25221.0,9871,35.266252,-81.7932261,1
71834,"Doddridge, AR 71834, USA",53.3,39821.0,23159,33.1515268,-93.9470396,0
25699,"Wilsondale, WV 25699, USA",42.0,11875.0,6104,37.9719124,-82.33433750000000,0
23389,"Harborton, VA 23389, USA",73.3,,13575,37.65028180000000,-75.8388698,0
38049,"Mason, TN 38049, USA",36.2,32386.0,24972,35.3676615,-89.5308903,1
69347,"Hay Springs, NE 69347, USA",52.6,40250.0,23501,42.5867186,-102.6675575,0
47003,"West College Corner, IN 47003, USA",41.0,39519.0,19997,39.5221256,-84.8411536,8
54733,"Dallas, WI 54733, USA",41.3,50809.0,23292,45.26536490000000,-91.8695542,2
35005,"Adamsville, AL 35005, USA",38.2,46059.0,21273,33.6047446,-87.0424393,3
28436,"Delco, NC 28436, USA",37.9,45417.0,22077,34.2755079,-78.2703951,0
22952,"Lyndhurst, VA 22952, USA",46.3,43095.0,23158,37.9545568,-78.9627624,0
52141,"Elgin, IA 52141, USA",42.5,39679.0,21960,42.94976460000000,-91.6178011,2
39180,"Vicksburg, MS 39180, USA",37.1,40661.0,21209,32.2170441,-90.86751340000000,1
94539,"Fremont, CA 94539, USA",41.2,143949.0,50701,37.5148444,-121.9131761,56
20615,"Broomes Island, MD 20615, USA",43.4,114375.0,43920,38.4132166,-76.55460310000000,2
57369,"Platte, SD 57369, USA",47.7,46196.0,23758,43.400581,-98.96870110000000,0
55419,"Minneapolis, MN 55419, USA",36.8,94177.0,49251,44.9061358,-93.2885455,163
24887,"Switchback, WV 24887, USA",14.8,,4526,37.3761297,-81.37933660000000,0
33614,"Tampa, FL 33614, USA",35.5,35098.0,18039,28.0133862,-82.50775930000000,140
47967,"New Richmond, IN 47967, USA",35.5,53462.0,19191,40.17796630000000,-86.9924358,1
63030,"Fletcher, MO 63030, USA",41.0,49441.0,22871,38.1348152,-90.74377610000000,0
73951,"Tyrone, OK 73951, USA",28.7,43125.0,16762,36.9306369,-101.048549,0
62025,"Edwardsville, IL 62025, USA",35.2,72877.0,34115,38.8414469,-89.9440061,25
87528,"Dulce, NM 87528, USA",29.0,39725.0,16182,36.7078973,-106.9594723,0
88321,"Encino, NM 88321, USA",57.4,27054.0,31962,34.7032677,-105.4536718,0
90210,"Beverly Hills, CA 90210, USA",46.4,132254.0,111364,34.1030032,-118.4104684,200
21061,"Glen Burnie, MD 21061, USA",36.0,60430.0,29841,39.1511679,-76.6239423,59
78414,"Corpus Christi, TX 78414, USA",34.0,75971.0,33464,27.6474296,-97.3624598,31
92285,"Landers, CA 92285, USA",50.1,22917.0,17840,34.3350492,-116.5373923,1
52133,"Castalia, IA 52133, USA",40.3,66333.0,26065,43.1141677,-91.6663523,0
30601,"Athens, GA 30601, USA",26.0,20884.0,13402,34.00684500000000,-83.3468784,24
73771,"Wakita, OK 73771, USA",48.9,45536.0,27035,36.9049895,-97.9157099,1
67047,"Fall River, KS 67047, USA",52.1,39500.0,20428,37.6328421,-96.0467429,1
54151,"Niagara, WI 54151, USA",45.7,45813.0,23500,45.715354,-87.98042390000000,2
68723,"Carroll, NE 68723, USA",51.2,59000.0,25617,49.3824172,8.587470800000000,100
44093,"Williamsfield, OH 44093, USA",37.8,32344.0,20559,41.52675260000000,-80.621591,2
78072,"Tilden, TX 78072, USA",41.2,42083.0,21532,28.2610528,-98.61606740000000,0
28732,"Fletcher, NC 28732, USA",40.6,45273.0,26177,35.4393566,-82.4536115,11
44147,"Broadview Heights, OH 44147, USA",42.1,76021.0,37217,41.33031,-81.68020540000000,59
97396,"Willamina, OR 97396, USA",44.3,36848.0,18929,45.1916734,-123.514262,0
36736,"Dixons Mills, AL 36736, USA",42.3,28333.0,17708,32.0755092,-87.7664934,0
55060,"Owatonna, MN 55060, USA",39.4,54945.0,27727,44.0888533,-93.21814770000000,12
30120,"Cartersville, GA 30120, USA",35.9,44141.0,20678,34.1577811,-84.87763920000000,12
47367,"Oakville, IN 47367, USA",39.8,41250.0,16255,40.0775267,-85.3917599,0
30666,"Statham, GA 30666, USA",37.3,53627.0,23167,33.9527142,-83.581615,3
84020,"Draper, UT 84020, USA",30.4,89922.0,33164,40.4960215,-111.8687825,41
08872,"Sayreville, NJ 08872, USA",37.7,72956.0,32666,47.14149,9.0980613,13
18042,"Easton, PA 18042, USA",35.2,45441.0,23227,40.6551234,-75.2128996,56
25111,"Indore, WV 25111, USA",43.4,36417.0,15064,38.3920732,-81.1526976,0
84072,"Tabiona, UT 84072, USA",30.3,48654.0,18735,40.3536565,-110.7360863,0
45036,"Lebanon, OH 45036, USA",36.9,68633.0,27591,39.445842,-84.20679920000000,22
31547,"Kings Bay Base, GA 31547, USA",22.0,45238.0,24428,30.783719,-81.5514154,9
65733,"Protem, MO 65733, USA",51.3,33618.0,16655,36.5288863,-92.85889280000000,0
97633,"Merrill, OR 97633, USA",36.3,40742.0,18448,42.0153397,-121.5405251,2
77328,"Cleveland, TX 77328, USA",34.0,48250.0,19670,30.3792489,-95.18492190000000,0
28454,"Maple Hill, NC 28454, USA",42.6,20711.0,13553,34.6923643,-77.6307018,0
08854,"Piscataway Township, NJ 08854, USA",33.2,91164.0,32262,33.8528941,-109.1824567,0
53018,"Delafield, WI 53018, USA",43.3,94873.0,42783,43.0373723,-88.3919026,23
54747,"Independence, WI 54747, USA",39.0,41755.0,22124,44.4083424,-91.50150090000000,0
13402,"Madison, NY 13402, USA",46.4,43387.0,19660,42.8958176,-75.5160235,3
06422,"Durham, CT 06422, USA",42.5,124179.0,47679,40.1936178,-105.8514709,1
84093,"Sandy, UT 84093, USA",41.0,94938.0,40837,40.596417,-111.8270486,110
84764,"Bryce, UT 84764, USA",27.0,38750.0,19698,37.6215335,-112.1549442,1
59087,"Winnett, MT 59087, USA",48.3,41250.0,22816,47.0113803,-108.2242196,0
32025,"Lake City, FL 32025, USA",35.2,39916.0,17493,30.111156,-82.5834947,0
43030,"Jacksontown, OH 43030, USA",54.0,,27844,39.9595844,-82.4153441,10
55435,"Minneapolis, MN 55435, USA",46.9,56213.0,47347,44.8721412,-93.33385470000000,124
47591,"Vincennes, IN 47591, USA",37.1,40815.0,20681,38.605823,-87.5198011,12
64625,"Breckenridge, MO 64625, USA",43.7,36250.0,20795,39.7340069,-93.80448310000000,1
83634,"Kuna, ID 83634, USA",31.0,59221.0,16711,43.4356614,-116.2605101,0
26574,"Grant Town, WV 26574, USA",40.9,44038.0,21078,39.5562628,-80.1777417,2
62633,"Easton, IL 62633, USA",50.3,56250.0,27852,40.2065985,-89.8692203,1
38487,"Williamsport, TN 38487, USA",41.6,38125.0,18884,35.7310368,-87.2419299,0
38224,"Cottage Grove, TN 38224, USA",39.2,36932.0,19238,36.4053896,-88.49849910000000,1
37101,"McEwen, TN 37101, USA",41.1,50398.0,21198,36.04442970000000,-87.6383797,2
18223,"Ebervale, PA 18223, USA",43.7,49458.0,37056,40.9922168,-75.9350072,24
98051,"Ravensdale, WA 98051, USA",42.3,77623.0,32555,47.3298582,-121.8794852,0
79705,"Midland, TX 79705, USA",36.8,68649.0,38947,32.0688848,-102.0946818,50
29113,"Norway, SC 29113, USA",32.1,36875.0,13381,33.4229886,-81.1306391,0
28226,"Charlotte, NC 28226, USA",41.1,68291.0,48777,35.1173473,-80.7990185,114
84118,"Salt Lake City, UT 84118, USA",30.4,61203.0,19777,40.6479987,-112.0059052,65
64639,"De Witt, MO 64639, USA",48.9,57917.0,25446,39.3794032,-93.23825100000000,0
71353,"Melville, LA 71353, USA",43.4,26719.0,19660,30.68885,-91.7441475,0
00692,"Vega Alta, 00692, Puerto Rico",35.0,18500.0,9273,33.6845465,-81.060124,2
75457,"Mt Vernon, TX 75457, USA",40.7,39909.0,26517,33.172705,-95.2057909,7
23440,"Tangier, VA 23440, USA",55.7,40833.0,20990,37.835345,-75.9898631,0
37345,"Huntland, TN 37345, USA",46.0,38688.0,20549,35.046689,-86.2361744,1
30309,"Atlanta, GA 30309, USA",35.0,71854.0,66311,33.7971137,-84.3804888,200
42366,"Philpot, KY 42366, USA",43.2,63170.0,26182,37.7060405,-86.96240860000000,0
95246,"Mountain Ranch, CA 95246, USA",52.8,47379.0,29646,38.2449553,-120.5048792,0
46236,"Indianapolis, IN 46236, USA",40.3,80833.0,38140,39.9008411,-85.9611082,45
05736,"Center Rutland, VT 05736, USA",48.4,56313.0,36613,29.3217119,-98.8821413,6
38504,"Allardt, TN 38504, USA",38.6,46786.0,19634,36.3966879,-84.7420032,0
98409,"Tacoma, WA 98409, USA",31.4,46886.0,21513,47.2019421,-122.4780244,130
57004,"Beresford, SD 57004, USA",39.7,53958.0,25930,43.0894534,-96.79223550000000,3
71957,"Mt Ida, AR 71957, USA",54.9,35445.0,21459,34.5220817,-93.6015207,3
04357,"Richmond, ME 04357, USA",43.4,59961.0,26571,34.614541,-95.2749613,1
57078,"Yankton, SD 57078, USA",40.7,50660.0,27293,42.9124127,-97.4597725,14
22642,"Linden, VA 22642, USA",37.1,76198.0,28685,38.9465403,-78.07660360000000,1
30177,"Tate, GA 30177, USA",35.9,33866.0,15101,34.4153599,-84.3726049,4
17938,"Hegins, PA 17938, USA",42.7,58409.0,23520,40.65513870000000,-76.4910093,3
89316,"Eureka, NV 89316, USA",38.7,63603.0,26280,39.564892,-115.9940986,1
55063,"Pine City, MN 55063, USA",43.2,47556.0,22709,45.8232502,-92.97038540000000,5
15656,"Leechburg, PA 15656, USA",43.9,47658.0,25820,40.6327659,-79.6277523,13
06069,"Sharon, CT 06069, USA",57.0,73958.0,54815,36.219273,-92.46851340000000,2
98106,"Seattle, WA 98106, USA",35.3,57875.0,27922,47.5476069,-122.3514653,177
95240,"Lodi, CA 95240, USA",33.1,41172.0,19814,38.1484821,-121.1022942,2
90302,"Inglewood, CA 90302, USA",32.4,43042.0,21718,33.9742906,-118.3520389,125
16699,"Cresson, PA 16699, USA",34.7,,4506,40.46,-78.59,8
44629,"Gnadenhutten, OH 44629, USA",35.9,43545.0,19101,40.3480833,-81.4388858,2
97711,"Ashwood, OR 97711, USA",34.5,27188.0,12480,44.7135374,-120.6149684,0
83849,"Osburn, ID 83849, USA",49.0,37946.0,22393,47.53796030000000,-115.9890696,3
12450,"Lanesville, NY 12450, USA",58.7,22200.0,20052,42.127653,-74.22967130000000,1
60433,"Joliet, IL 60433, USA",35.4,43644.0,18967,41.4997384,-88.0460894,30
02382,"Whitman, MA 02382, USA",39.1,72462.0,32541,36.77595300000000,-84.15721480000000,9
21901,"North East, MD 21901, USA",37.3,65951.0,29821,39.58550170000000,-75.9579358,6
88353,"Vaughn, NM 88353, USA",26.9,30179.0,12829,34.52900870000000,-105.1258955,0
78351,"Driscoll, TX 78351, USA",37.0,36985.0,16011,27.6654382,-97.75389350000000,0
49058,"Hastings, MI 49058, USA",40.8,46777.0,22137,42.6306916,-85.2929384,6
11722,"Central Islip, NY 11722, USA",33.1,67023.0,21935,40.7881249,-73.19396120000000,117
38858,"Nettleton, MS 38858, USA",39.1,38586.0,18655,34.1222666,-88.5371958,0
99661,"Sand Point, AK 99661, USA",39.6,71250.0,27423,55.2693058,-160.6748964,0
42717,"Burkesville, KY 42717, USA",43.4,30985.0,16875,36.7776446,-85.35496500000000,3
36558,"Millry, AL 36558, USA",42.1,42500.0,21410,31.5722275,-88.362785,0
01585,"West Brookfield, MA 01585, USA",45.7,62667.0,31262,36.8352135,-87.7038434,0
13827,"Owego, NY 13827, USA",44.2,56025.0,28315,42.1310032,-76.247912,7
10913,"Blauvelt, NY 10913, USA",41.8,122857.0,46193,41.0711228,-73.9536163,61
99753,"Koyuk, AK 99753, USA",19.9,28333.0,8987,64.9424911,-161.127581,0
58647,"New England, ND 58647, USA",47.0,49375.0,26557,46.4819779,-102.913013,1
85611,"Elgin, AZ 85611, USA",53.1,50441.0,23419,31.672597,-110.4977108,0
12456,"Mt Marion, NY 12456, USA",37.5,48993.0,17639,42.0344874,-73.9976946,11
24281,"Rose Hill, VA 24281, USA",37.6,22902.0,15557,36.6591508,-83.3148018,2
53118,"Dousman, WI 53118, USA",46.9,81619.0,38393,42.9902388,-88.49849910000000,2
56289,"Sunburg, MN 56289, USA",47.7,57159.0,26149,45.3482794,-95.2487647,1
25427,"Hedgesville, WV 25427, USA",42.9,54619.0,27919,39.5113324,-78.0880129,0
73673,"Willow, OK 73673, USA",53.6,40234.0,26554,35.0343164,-99.5673479,0
64480,"Rea, MO 64480, USA",57.5,65000.0,34670,40.0720342,-94.6657027,0
01430,"Ashburnham, MA 01430, USA",42.4,83532.0,34454,36.448913,-78.57836500000000,0
55433,"Minneapolis, MN 55433, USA",36.3,59258.0,27493,45.1670628,-93.3132624,63
54458,"Nelsonville, WI 54458, USA",36.5,56389.0,20718,44.4960026,-89.30994370000000,1
33542,"Zephyrhills, FL 33542, USA",54.2,32174.0,20291,28.2333268,-82.17680180000000,14
49616,"Benzonia, MI 49616, USA",45.7,39145.0,18568,44.5769402,-86.0733498,3
63038,"Glencoe, MO 63038, USA",45.5,106513.0,54149,38.5775338,-90.6867939,14
02802,"Albion, RI 02802, USA",37.2,48456.0,42134,37.7409095,-85.9033201,28
77336,"Huffman, TX 77336, USA",36.0,62995.0,30721,30.0721659,-95.09110620000000,1
27283,"Julian, NC 27283, USA",43.4,52015.0,27215,35.9551354,-79.63898210000000,0
17097,"Wiconisco, PA 17097, USA",44.6,49904.0,25655,40.572085,-76.6860267,3
82932,"Farson, WY 82932, USA",35.9,91115.0,40005,42.1543456,-109.4259114,0
49893,"Wallace, MI 49893, USA",47.9,59696.0,27882,45.2932752,-87.6120353,0
60645,"Chicago, IL 60645, USA",35.0,48918.0,25500,42.0105286,-87.6926257,200
06516,"West Haven, CT 06516, USA",36.9,52353.0,26602,47.4404243,-92.2283866,0
24137,"Penhook, VA 24137, USA",46.3,54979.0,30491,36.9109694,-79.67266320000000,0
32064,"Live Oak, FL 32064, USA",34.4,24090.0,14169,30.2889718,-82.9985343,6
57725,"Caputa, SD 57725, USA",66.6,57841.0,21549,43.9365164,-102.8514837,0
06801,"Bethel, CT 06801, USA",40.9,85884.0,38941,47.3779147,-92.6428289,0
44251,"Westfield Center, OH 44251, USA",52.6,73021.0,47881,41.0296799,-81.93029280000000,10
44143,"Cleveland, OH 44143, USA",48.5,60265.0,34714,41.5544029,-81.4828198,91
17263,"State Line, PA 17263, USA",47.0,63430.0,37458,39.7229767,-77.7246414,21
84116,"Salt Lake City, UT 84116, USA",29.2,42235.0,15888,40.8038325,-112.0237903,10
41763,"Slemp, KY 41763, USA",41.6,36827.0,16535,37.04955230000000,-83.1166438,0
40060,"Raywick, KY 40060, USA",44.2,40813.0,18390,37.5302785,-85.45818590000000,0
71046,"Keatchie, LA 71046, USA",37.9,41825.0,23280,32.1366223,-93.9266502,0
77378,"Willis, TX 77378, USA",34.7,48136.0,24117,30.48826680000000,-95.33116520000000,0
72007,"Austin, AR 72007, USA",34.7,53125.0,21845,35.0114278,-91.99794110000000,19
06824,"Fairfield, CT 06824, USA",38.5,128558.0,60182,47.5062742,-92.6038111,13
63039,"Gray Summit, MO 63039, USA",31.7,44521.0,18539,38.4977334,-90.8436885,7
79021,"Cotton Center, TX 79021, USA",26.5,56250.0,17961,33.9500835,-102.0004411,0
04622,"Cherryfield, ME 04622, USA",40.8,40104.0,20084,32.1379623,-94.99956260000000,0
27043,"Pinnacle, NC 27043, USA",46.0,48410.0,24449,36.3334581,-80.4326521,8
43804,"Baltic, OH 43804, USA",25.4,36841.0,12923,40.4514728,-81.7458845,3
61067,"Ridott, IL 61067, USA",49.6,40726.0,37925,42.3040907,-89.48366880000000,0
51049,"Quimby, IA 51049, USA",47.9,47847.0,22334,42.6366175,-95.65631190000000,0
10309,"Staten Island, NY 10309, USA",38.5,86297.0,35719,40.5265593,-74.22380200000000,102
93925,"Chualar, CA 93925, USA",32.5,70909.0,23642,36.5999881,-121.3770336,0
83830,"Fernwood, ID 83830, USA",42.7,37244.0,16450,47.0795166,-116.3845766,0
96818,"Honolulu, HI 96818, USA",31.3,70850.0,26894,21.34853,-157.9583246,49
79345,"Meadow, TX 79345, USA",41.1,53281.0,22971,33.3181424,-102.5068597,0
63951,"Lowndes, MO 63951, USA",48.8,47768.0,20417,37.0826711,-90.26200420000000,0
97016,"Clatskanie, OR 97016, USA",45.6,57153.0,25154,46.0522259,-123.2831436,0
29834,"Langley, SC 29834, USA",38.9,32375.0,16178,33.5199743,-81.8422446,11
29468,"Pineville, SC 29468, USA",43.8,19663.0,28526,33.4205299,-80.0758425,0
79118,"Amarillo, TX 79118, USA",34.6,62323.0,25783,35.1042931,-101.7296049,0
49639,"Hersey, MI 49639, USA",40.7,41570.0,17687,43.8312621,-85.37562490000000,0
36619,"Mobile, AL 36619, USA",37.9,55962.0,24392,30.5960565,-88.19741480000000,38
96783,"Pepeekeo, HI 96783, USA",40.4,31705.0,17613,19.8344853,-155.1135807,0
19372,"Thorndale, PA 19372, USA",35.3,75347.0,44586,39.9991738,-75.7618593,25
86507,"Lukachukai, AZ 86507, USA",24.1,22009.0,8346,36.4106866,-109.2593642,0
06377,"Sterling, CT 06377, USA",38.5,71509.0,28464,46.9614316,8.5753299,17
54822,"Cameron, WI 54822, USA",39.9,48598.0,22565,45.41805060000000,-91.72119480000000,6
33029,"Hollywood, FL 33029, USA",36.6,88264.0,30976,25.9839048,-80.4326521,14
49080,"Plainwell, MI 49080, USA",40.9,53743.0,25048,42.446414,-85.58179110000000,6
23146,"Rockville, VA 23146, USA",47.0,77207.0,37414,37.7363302,-77.7223162,2
36858,"Hatchechubbee, AL 36858, USA",37.4,71563.0,25395,32.2912801,-85.2929384,0
74438,"Hitchita, OK 74438, USA",31.6,46875.0,14888,35.5198613,-95.7513539,0
41540,"Lick Creek, KY 41540, USA",40.2,62672.0,24235,37.3845617,-82.3289111,2
61929,"Hammond, IL 61929, USA",45.7,47891.0,23964,39.8295453,-88.6530753,1
78742,"Austin, TX 78742, USA",33.6,19688.0,15485,30.2406057,-97.6602365,14
62330,"Dallas City, IL 62330, USA",39.5,39271.0,20130,40.588868,-91.09694000000000,1
63935,"Doniphan, MO 63935, USA",42.5,31208.0,16144,36.6488463,-90.9438468,0
55346,"Eden Prairie, MN 55346, USA",40.8,100775.0,46370,44.8814895,-93.4902391,71
57075,"Wentworth, SD 57075, USA",52.9,49375.0,39309,43.9776779,-96.9853474,0
82934,"Granger, WY 82934, USA",33.1,32450.0,13016,41.5937675,-109.9973244,0
13637,"Evans Mills, NY 13637, USA",28.4,55104.0,23870,44.0963283,-75.8301537,4
28635,"Hays, NC 28635, USA",35.6,30565.0,14292,36.3338025,-81.1306391,0
07718,"Belford, NJ 07718, USA",40.5,87398.0,36267,29.091596,-98.8632494,4
27317,"Randleman, NC 27317, USA",40.5,42295.0,22432,35.8392781,-79.7960523,4
41649,"Martin, KY 41649, USA",41.4,25458.0,15356,37.5806385,-82.8317486,2
49036,"Coldwater, MI 49036, USA",41.6,42635.0,21336,41.9327779,-85.0649071,18
27541,"Hurdle Mills, NC 27541, USA",45.1,56346.0,27996,36.2603922,-79.08710050000000,0
50201,"Nevada, IA 50201, USA",40.4,56619.0,28908,42.065743,-93.4599326,7
56371,"Roscoe, MN 56371, USA",52.1,51250.0,26395,45.4335666,-94.6389975,1
78885,"Vanderpool, TX 78885, USA",55.5,80417.0,38706,29.7918251,-99.5228528,0
87734,"Ocate, NM 87734, USA",60.4,42813.0,19060,36.2069433,-105.0791228,0
55735,"Finlayson, MN 55735, USA",49.0,40592.0,23097,46.2074923,-93.02639340000000,0
69130,"Cozad, NE 69130, USA",41.6,46899.0,21825,40.8911427,-99.9465077,4
44305,"Akron, OH 44305, USA",37.6,36944.0,18868,41.0745913,-81.46085600000000,89
16930,"Liberty, PA 16930, USA",41.0,44934.0,20611,41.5701913,-77.1255055,1
04418,"Greenbush, ME 04418, USA",42.0,37955.0,19692,32.5256874,-95.74797890000000,0
48416,"Brown City, MI 48416, USA",38.6,43397.0,20143,43.2102347,-82.9716617,4
53816,"Mt Hope, WI 53816, USA",33.4,44375.0,18813,42.9580239,-90.8484524,1
76373,"Oklaunion, TX 76373, USA",36.4,45948.0,15359,34.1466902,-99.12347950000000,0
85606,"Cochise, AZ 85606, USA",53.4,27406.0,17731,32.05452400000000,-109.9020509,0
03077,"Raymond, NH 03077, USA",39.5,61488.0,27774,30.2245634,-93.3593277,23
18519,"Scranton, PA 18519, USA",41.6,38990.0,24672,41.4635035,-75.626628,90
59542,"Turner, MT 59542, USA",34.0,33214.0,17982,48.8372286,-108.312058,0
32409,"Panama City, FL 32409, USA",41.4,50461.0,24300,30.3424229,-85.7051116,1
92252,"Joshua Tree, CA 92252, USA",45.0,42338.0,22951,34.193766,-116.2540856,1
41564,"Sidney, KY 41564, USA",34.3,41806.0,16302,37.6143052,-82.3560389,0
95008,"Campbell, CA 95008, USA",37.3,87204.0,44023,37.2770029,-121.9529992,151
66088,"Valley Falls, KS 66088, USA",42.8,50667.0,25268,39.3183799,-95.435853,1
53936,"Grand Marsh, WI 53936, USA",37.3,44583.0,13364,43.8382903,-89.7098185,1
54524,"Fifield, WI 54524, USA",44.7,43047.0,24178,45.8462439,-90.40548610000000,0
60565,"Naperville, IL 60565, USA",40.8,113581.0,45408,41.7353591,-88.1193763,121
54979,"Van Dyne, WI 54979, USA",42.9,65313.0,26566,43.867169,-88.50817650000000,3
14304,"Niagara Falls, NY 14304, USA",44.7,47878.0,25791,43.0939533,-78.9627624,17
61270,"Morrison, IL 61270, USA",45.2,54206.0,27990,41.8004348,-89.9626799,6
51433,"Auburn, IA 51433, USA",48.3,47500.0,22422,42.2708877,-94.8728093,0
72833,"Danville, AR 72833, USA",36.7,41512.0,17870,35.0111286,-93.4801349,0
27262,"High Point, NC 27262, USA",38.5,39867.0,22889,35.9679365,-80.0423151,34
98362,"Port Angeles, WA 98362, USA",47.5,43827.0,25914,48.0962308,-123.3006354,2
63014,"Berger, MO 63014, USA",48.4,32188.0,19712,38.6662286,-91.3469247,1
79778,"Rankin, TX 79778, USA",44.6,61806.0,28706,31.1870316,-101.9119871,1
13635,"Edwards, NY 13635, USA",46.0,33194.0,21320,44.2825835,-75.2452318,0
17946,"Lost Creek, PA 17946, USA",62.1,15469.0,10440,40.8058719,-76.2445864,9
65243,"Clark, MO 65243, USA",29.3,55885.0,16802,39.2809755,-92.3427191,1
77807,"Bryan, TX 77807, USA",30.2,42154.0,19089,30.665991,-96.47165800000000,0
37737,"Friendsville, TN 37737, USA",45.7,54405.0,29839,35.76046,-84.1118458,1
54022,"River Falls, WI 54022, USA",28.8,60016.0,27608,44.858921,-92.5792482,5
18473,"White Mills, PA 18473, USA",41.8,50052.0,27326,41.529045,-75.2143584,19
00757,"Santa Isabel, 00757, Puerto Rico",34.3,18033.0,9412,39.8487918,-82.3157094,3
92310,"Fort Irwin, CA 92310, USA",22.7,49778.0,19066,35.2682707,-116.7142835,1
32683,"Otter Creek, FL 32683, USA",45.9,36563.0,13575,29.2720518,-82.7751622,0
15018,"Buena Vista, PA 15018, USA",44.1,50588.0,20773,40.286781,-79.78764490000000,13
59846,"Huson, MT 59846, USA",58.5,52891.0,26606,47.1334522,-114.4918933,0
25253,"Letart, WV 25253, USA",38.9,40245.0,18032,38.8993559,-81.97529950000000,0
79703,"Midland, TX 79703, USA",30.5,57842.0,23946,31.9810423,-102.1346874,78
17018,"Dauphin, PA 17018, USA",47.1,58438.0,32552,40.4011263,-76.8836261,7
28327,"Carthage, NC 28327, USA",40.6,51609.0,23841,35.40687,-79.4253776,5
72039,"Damascus, AR 72039, USA",40.8,33857.0,19838,35.3440282,-92.4406387,2
52362,"Wyoming, IA 52362, USA",49.1,38359.0,27973,42.0540378,-91.0011902,3
08340,"Milmay, NJ 08340, USA",42.0,100250.0,39030,36.213002,-93.8660913,0
58075,"Wahpeton, ND 58075, USA",35.9,51179.0,27588,46.2817215,-96.69927780000000,12
28349,"Kenansville, NC 28349, USA",38.3,39057.0,15572,34.9812417,-77.9053182,5
78214,"San Antonio, TX 78214, USA",33.6,27222.0,13595,29.3172731,-98.4677851,33
33559,"Lutz, FL 33559, USA",34.4,55643.0,27345,28.1537767,-82.4156829,58
55802,"Duluth, MN 55802, USA",59.5,24674.0,31860,46.7534028,-92.0681618,52
48469,"Port Sanilac, MI 48469, USA",56.4,44438.0,25798,43.4238357,-82.5510469,2
44510,"Youngstown, OH 44510, USA",35.5,13917.0,9907,41.1280414,-80.6715317,59
98012,"Bothell, WA 98012, USA",37.2,88283.0,39165,47.837259,-122.2155191,122
44273,"Seville, OH 44273, USA",44.5,65368.0,30043,41.0123359,-81.84429340000000,12
23055,"Fork Union, VA 23055, USA",48.0,59648.0,21737,37.7788311,-78.2362225,1
31771,"Norman Park, GA 31771, USA",32.9,33524.0,17690,31.2664145,-83.6561215,0
76599,"Gatesville, TX 76599, USA",35.0,,8815,31.4748803,-97.7367476,8
17327,"Glen Rock, PA 17327, USA",46.7,67791.0,32177,39.7719423,-76.7567368,13
83313,"Bellevue, ID 83313, USA",35.4,45168.0,23296,43.3662171,-114.2796699,0
10553,"Mt Vernon, NY 10553, USA",40.7,58514.0,26137,40.9071072,-73.8213213,200
60305,"River Forest, IL 60305, USA",41.4,113317.0,62034,41.8940762,-87.8205864,194
91405,"Van Nuys, CA 91405, USA",32.0,38847.0,17645,34.2037124,-118.4571974,167
26205,"Craigsville, WV 26205, USA",41.8,32128.0,16382,38.3297234,-80.621591,2
01527,"Millbury, MA 01527, USA",43.0,71832.0,32329,33.6538868,-81.59899710000000,1
60421,"Elwood, IL 60421, USA",40.1,70485.0,30466,41.40575380000000,-88.1096118,1
49411,"Free Soil, MI 49411, USA",47.1,44450.0,25531,44.0925394,-86.2767995,0
12804,"Queensbury, NY 12804, USA",44.6,60152.0,32970,43.3228611,-73.7242486,28
45005,"Franklin, OH 45005, USA",40.5,52016.0,24292,39.543358,-84.3016021,41
98591,"Toledo, WA 98591, USA",49.0,50488.0,24795,46.46427690000000,-122.7398348,0
59752,"Three Forks, MT 59752, USA",44.0,51176.0,25177,45.8869053,-111.5684932,3
27249,"Gibsonville, NC 27249, USA",42.1,50095.0,25651,36.1663776,-79.59405440000000,0
28697,"Wilkesboro, NC 28697, USA",42.9,39945.0,25458,36.1365807,-81.22985300000000,17
48468,"Port Hope, MI 48468, USA",55.2,38882.0,22710,43.9642956,-82.79941940000000,1
35907,"Gadsden, AL 35907, USA",40.7,70147.0,26791,33.8890435,-86.0325629,4
97321,"Albany, OR 97321, USA",41.1,60271.0,27961,44.6393041,-123.1323005,21
72079,"Jefferson, AR 72079, USA",44.2,34375.0,20873,34.3891413,-92.1941598,1
50433,"Dougherty, IA 50433, USA",45.4,55781.0,41122,42.920982,-93.0375914,1
35117,"Mt Olive, AL 35117, USA",37.5,72500.0,29385,33.6793182,-86.8922723,11
76135,"Fort Worth, TX 76135, USA",39.8,52945.0,27715,32.8447037,-97.47059350000000,11
76377,"Petrolia, TX 76377, USA",41.3,48750.0,22710,34.0190414,-98.2760021,0
67835,"Cimarron, KS 67835, USA",33.4,52188.0,22510,37.9900677,-100.3048897,0
19944,"Fenwick Island, DE 19944, USA",63.7,62000.0,56948,38.4656784,-75.0552739,11
53156,"Palmyra, WI 53156, USA",42.4,53600.0,25161,42.8749223,-88.6144839,1
97146,"Warrenton, OR 97146, USA",40.1,41192.0,23133,46.12785120000000,-123.927441,3
92392,"Victorville, CA 92392, USA",27.9,58667.0,19090,34.4854334,-117.4203974,13
76638,"Crawford, TX 76638, USA",41.2,77679.0,36692,31.5368553,-97.4489531,1